{"cameraMode":{"drawMode":0,"name":"Shaded","section":"Shading Mode"},"sceneLighting":true,"audioPlay":false,"sceneViewState":{"m_AlwaysRefresh":false,"showFog":true,"showSkybox":true,"showFlares":true,"showImageEffects":true,"showParticleSystems":true,"showVisualEffectGraphs":true,"m_FxEnabled":true},"in2DMode":false,"pivot":{"x":29.35912322998047,"y":-38.695655822753909,"z":16.970685958862306},"rotation":{"x":0.539339542388916,"y":-0.025564055889844896,"z":0.015669766813516618,"w":0.8408535122871399},"size":174.15524291992188,"orthographic":false}